{
    "GlobalConfiguration": {
        "BaseUrl": "http://localhost:5097"
    },
    "Routes": [
        {
            "DownstreamPathTemplate": "/api/product",
            "DownstreamScheme": "http",
            "DownstreamHostAndPorts": [
                {
                    "Host": "service-api",
                    "Port": 8080
                }
            ],
            "UpstreamPathTemplate": "/gateway/product",
            "UpstreamHttpMethod": [
                "GET",
                "Options"
            ]
        },
        {
            "DownstreamPathTemplate": "/api/product/{id}",
            "DownstreamScheme": "http",
            "DownstreamHostAndPorts": [
                {
                    "Host": "service-api",
                    "Port": 8080
                }
            ],
            "UpstreamPathTemplate": "/gateway/product/{id}",
            "UpstreamHttpMethod": [
                "GET",
                "Options"
            ]
        },
        {
            "DownstreamPathTemplate": "/api/product/addProduct",
            "DownstreamScheme": "http",
            "DownstreamHostAndPorts": [
                {
                    "Host": "service-api",
                    "Port": 8080
                }
            ],
            "UpstreamPathTemplate": "/gateway/product/addProduct",
            "UpstreamHttpMethod": [
                "POST"
            ]
        }
    ]
}